"Content Title","Content Brief","Keyword","Keywords Secondary","Keyword Difficulty","Slug","Author","Ages","Categories","Image Alt","Image Title","Article Type","Publication Date","Generate Blog Post","Brainstorm Meta Title","Brainstorm Meta Description","Estimate Reading Time"
"Articolo Giocattolo","Migliori articoli giocattolo per la fascia da 0 a 3 anni","Articoli","giocattolo","medium","test-csv-123","Davide","kids","outdoor, montessori","test123","test123","best","11-11-11","<h2>Introduzione</h2>

<p>Il gioco è fondamentale per lo sviluppo cognitivo, emotivo e sociale dei bambini. Attraverso il gioco i bambini imparano a conoscere il mondo che li circonda, a sviluppare la propria creatività e a relazionarsi con gli altri. I giocattoli sono degli strumenti essenziali che permettono ai bambini di giocare, scoprire e imparare. Ogni fascia d'età ha bisogno di giocattoli adatti alle proprie capacità e al proprio stadio di sviluppo.</p>

<p>Secondo Save the Children, ""Il gioco è essenziale allo sviluppo perché contribuisce al benessere cognitivo, fisico, sociale ed emotivo dei bambini e ragazzi"" (<a href=""https://www.savethechildren.it/blog-notizie/importanza-del-gioco-per-sviluppo-cognitivo-dei-bambini"">Fonte</a>). I giocattoli stimolano la curiosità, la creatività e le capacità motorie, sensoriali e cognitive del bambino. Sono quindi fondamentali per un sano sviluppo.</p>

<h2>Caratteristiche dei giocattoli per fascia 0-1 anno</h2>

<p>I giocattoli per bambini da 0 a 1 anno dovrebbero essere progettati per stimolare i sensi in via di sviluppo. I neonati hanno una vista limitata, quindi i giocattoli ad alto contrasto, con colori brillanti e forme semplici sono ideali (Giocattolicreativi.it, 2022). Anche le texture diverse sono importanti, così come i suoni e le attività che incoraggiano il movimento e la manipolazione. </p>

<p>Poiché i neonati portano spesso i giocattoli alla bocca, la sicurezza è fondamentale. I materiali devono essere non tossici e privi di piccole parti che si possono staccare e soffocare (Giocattolicreativi.it, 2022). Le dimensioni del giocattolo e la facilità di presa sono anche aspetti chiave.</p>

<h2>Giocattoli consigliati 0-1 anno</h2>

<p>I giocattoli consigliati per i bambini da 0 a 1 anno sono progettati per stimolare i sensi e le capacità motorie in via di sviluppo. Alcuni dei giocattoli migliori per questa fascia d'età includono:</p>

<p>Giochi tattili: i neonati imparano attraverso il tatto, quindi i giochi morbidi e tattili sono ideali. Libri di stoffa, pupazzi morbidi e giochi in silicone sono eccellenti per stimolare il senso del tatto. Un ottimo giocattolo tattile è il libro di stoffa ""Il mio primo libro tattile"" di Clementoni.</p>

<p>Sonagli: i sonagli con colori brillanti e diverse texture aiutano a sviluppare le capacità visive, uditive e motorie. Lo Shake & Go Puppy della Chicco produce suoni quando scosso ed è facile da afferrare per le piccole mani.</p> 

<p>Libri di stoffa: oltre a stimolare il tatto, i libri di stoffa con figure semplici aiutano lo sviluppo visivo e cognitivo. ""Il mio primo libro"" di Trudi è realizzato in morbido tessuto ed ha pagine colorate con animali.</p>

<p>Cubi morbidi: mordere e afferrare oggetti aiuta a rafforzare le capacità motorie. I cubi morbidi della Fisher-Price possono essere impilati, morsi e lanciati senza rischi.</p>

<h2>Caratteristiche dei giocattoli 1-2 anni</h2>

<p>Nella fascia di età 1-2 anni, i bambini iniziano a muoversi autonomamente e a sviluppare maggiore coordinazione. I giocattoli ideali per questa età devono incoraggiare il movimento e la motricità fine attraverso giochi di incastro semplici. Ecco alcune caratteristiche chiave da ricercare nei giocattoli 1-2 anni:</p>

<p>Incoraggiare il movimento - I bambini in questa fascia d'età amano gattonare, camminare e correre. Giocattoli come palline morbide, veicoli con rotelle o animaletti a molla sono perfetti per stimolare il movimento.</p>  

<p>Sviluppare la coordinazione - I giochi di incastro semplici, i cubi impilabili e i puzzle con 2-3 pezzi aiutano i piccoli a sviluppare la coordinazione occhio-mano.</p>

<p>Stimolare i sensi - I bimbi imparano attraverso i sensi. Giocattoli sonori, morbidi o con texture diverse aiutano la stimolazione sensoriale.</p>

<p>Incoraggiare l'immaginazione - Giocattoli come peluche, bambole o animali di stoffa favoriscono il gioco di finzione e l'immaginazione.</p>

<p>Sicurezza - A questa età i bambini portano spesso gli oggetti alla bocca. E' importante scegliere giocattoli non tossici, lavabili e privi di piccole parti staccabili. 
(Fonte: <a href=""https://it.clementoni.com/collections/1-3-anni"">Giochi e Giocattoli per Bambini da 1 a 3 anni - Clementoni</a>)</p>

<h2>Giocattoli consigliati 1-2 anni</h2>

<p>Tra i 12 e i 24 mesi, i bambini iniziano a sviluppare nuove capacità motorie, cognitive e sociali. Ecco alcuni dei migliori giocattoli consigliati per i bimbi tra 1 e 2 anni:</p>

<p>Palline morbide e sonore - Le palline colorate e dalle texture diverse stimolano il tatto e la coordinazione occhio-mano. Brand come <a href=""https://www.amazon.it/giochi-educativi-1-anno/s?k=giochi+educativi+1+anno"">Chicco</a> e <a href=""https://it.clementoni.com/collections/1-3-anni"">Clementoni</a> propongono set di palline morbide con suoni diversi adatte a questa fascia d'età.</p>

<p>Costruzioni e incastri - I mattoncini, come i classici Lego Duplo, aiutano i bimbi a sviluppare logica e creatività. Anche i puzzle con pochi pezzi sono ottimi per affinare la motricità fine.</p> 

<p>Libri illustrati - Le prime letture con immagini colorate e pagine cartonate stimolano l'apprendimento del linguaggio e l'interazione genitore-bambino.</p>

<p>Bambole morbide - Le bambole di stoffa, come le classiche Trudi, sono l'ideale per sviluppare il gioco simbolico e imitare le attività quotidiane degli adulti.</p>

<h2>Caratteristiche giocattoli 2-3 anni</h2>

<p>Tra i 2 e i 3 anni, i bambini sviluppano rapidamente la loro creatività e immaginazione. A questa età, è importante incoraggiare il gioco di ruolo e di fantasia. I migliori giocattoli permettono ai bambini di creare storie ed esplorare personaggi ed emozioni. </p>

<p>I bambini di 2-3 anni amano fingere di essere mamma, papà, dottore, pompiere o altro. I giochi di ruolo aiutano lo sviluppo emotivo e sociale. Ottimi giocattoli includono bambole, peluche, cucine giocattolo, travestimenti, attrezzi da lavoro, e kit medici o del parrucchiere. I bambini possono interagire con questi giocattoli, assegnando loro personalità ed emozioni.</p>  

<p>Anche i giochi di costruzione sono ideali per stimolare la creatività. Con mattoncini, forme o costruzioni, i bambini creano mondi immaginari. Possono costruire case, strade, ponti e altro ancora. Questi giochi migliorano le capacità motorie, la risoluzione di problemi e il pensiero spaziale.</p>

<p>I giochi artistici come pastelli, pennarelli, plastilina, e strumenti musicali permettono ai bambini di esprimere la propria immaginazione. Disegnare, modellare con la plastilina, e suonare strumenti semplici sono attività divertenti che stimolano la creatività.</p>

<h2>Giocattoli consigliati 2-3 anni</h2>

<p>I bambini di 2-3 anni sono curiosi ed energici, e hanno bisogno di giocattoli che stimolino la loro immaginazione e le loro abilità motorie. Alcuni dei migliori giocattoli consigliati in questa fascia d'età sono:</p>

<p><strong>Puzzle</strong> - I puzzle con pezzi grandi e immagini semplici aiutano a sviluppare le capacità motorie fini e la coordinazione occhio-mano. Brand consigliati sono Clementoni, Ravensburger, Educa.</p>

<p><strong>Tricicli</strong> - Andare in triciclo permette ai bambini di sviluppare l'equilibrio e le capacità motorie. Si consigliano modelli stabili e resistenti come quelli Chicco, Bimbostore, Peg Perego.</p> 

<p><strong>Mini cucine</strong> - Cucinare e fare finta di preparare i pasti è un gioco di ruolo che piace molto. Optare per mini cucine in legno completa di accessori come Pentole & Co, Kidkraft.</p>

<p><strong>Peluche</strong> - I peluche rimangono compagni di giochi preferiti, soprattutto quelli morbidi e coccolosi. Scegliere peluche sicuri per bambini, ad esempio Trudi, Steiff, Lelly.</p>

<h2>Sicurezza e qualità dei giocattoli</h2>

<p>Quando si sceglie un giocattolo per i propri bambini, la sicurezza dovrebbe essere la principale preoccupazione. I giocattoli devono essere realizzati con materiali non tossici e privi di piccole parti che possano essere ingerite o inalate. Secondo le norme UE, i giocattoli devono superare rigorosi test di sicurezza e qualità.</p>

<p>I giocattoli non devono contenere sostanze pericolose come ftalati, metalli pesanti o composti chimici tossici, che possono essere assorbiti dalla pelle dei bambini (<a href=""https://www.pd.camcom.it/it/tutela-impresa-e-consumatore/sicurezza-prodotti-e-vigilanza/giocattoli-sicurezza-ed-etichettatura"">CCIAA Padova</a>). Deve esserci attenzione anche a parti piccole che possono staccarsi e soffocare il bambino, come bottoni, perline, batterie (<a href=""https://www.vigilfuoco.it/aspx/page.aspx?IdPage=3773"">Vigili del Fuoco</a>).</p>  

<p>I materiali devono essere resistenti all'uso prolungato e agli strappi, considerando che i bambini mordono e tirano i giocattoli. Le vernici e le colle non devono contenere solventi o altre sostanze nocive. I bordi e gli angoli devono essere arrotondati per evitare ferite (<a href=""https://www.tuvsud.com/it-it/risorse-e-pubblicazioni/tuv-italia-blog/sicurezza-del-consumatore/5-indicazioni-e-un-approfondimento-per-riconoscere-i-giocattoli-sicuri"">TÜV Italia</a>).</p>

<h2>Dove acquistare</h2>

<p>Quando si acquistano giocattoli per bambini piccoli, è importante scegliere negozi e siti specializzati e affidabili. Ecco alcuni consigli:</p>

<p>Negozi specializzati: rivolgersi a negozi che vendono esclusivamente o principalmente giocattoli e articoli per l'infanzia è una buona scelta. Offrono un'ampia selezione mirata per fascia d'età e personale preparato in grado di consigliare i prodotti più adatti. Alcuni esempi sono <a href=""https://www.chegiochi.it/"">CheGiochi</a>, <a href=""https://shop.roccogiocattoli.eu/"">Rocco Giocattoli</a> e <a href=""https://www.mazzeogiocattoli.it/"">Mazzeo Giocattoli</a>.</p>  

<p>Siti affidabili: oltre ai negozi fisici, è possibile acquistare online su e-commerce specializzati in giocattoli, che garantiscono ampia scelta, prezzi competitivi e spedizioni rapide e sicure. È importante verificare che il sito sia sicuro, abbia comunicazioni trasparenti e recensioni positive prima di effettuare un ordine.</p>

<h2>Conclusione</h2>

<p>In conclusione, scegliere i giocattoli giusti per ogni fascia di età è fondamentale per lo sviluppo del bambino. I giocattoli dovrebbero stimolare le capacità motorie, cognitive e sociali in modo adeguato alla fase di crescita.</p>

<p>Per i bambini da 0 a 1 anno, i giocattoli migliori sono quelli che stimolano i sensi e la motricità fine come giochi tattili, sonagli e libri in stoffa. Tra 1 e 2 anni i bambini sviluppano maggiormente l'autonomia, quindi sono indicati giocattoli che favoriscono il movimento e la manipolazione come costruzioni, forme e incastri.</p>  

<p>Tra i 2 e 3 anni i bambini diventano più sociali e curiosi, perciò sono adatti giochi di ruolo, di imitazione della realtà e libri illustrati che stimolano la fantasia e la creatività. Inoltre è importante scegliere giocattoli sicuri, durevoli e di qualità per garantire il divertimento e la crescita del bambino.</p>","""Top Giocattoli 0-3 Anni: Guida all'Acquisto Essenziale""","Scopri i migliori giocattoli per bambini 0-3 anni! Stimola sviluppo e divertimento con i top articoli selezionati per i più piccoli.","Per stimare il tempo di lettura, forniscimi il numero di parole o caratteri dell'articolo."
"test","test","test","222","333","44","33","eee","eee","ddsdds","ddsds","dsdsds","11-11-11","undefined","undefined","undefined","undefined"
"qqq","qq","2222","222","333","44","33","eee","eee","ddsdds","ddsds","dsdsds","11-11-11","undefined","undefined","undefined","undefined"
"test","test","test","test","test","test","test","test","test","test","test","test","11-11-11","undefined","undefined","undefined","undefined"
"test","tst","1","2","3","4","5","6","7","666","555","444","11-11-11","undefined","undefined","undefined","undefined"
"Come scrivere articoli","Scrivi un articolo molto breve su come scrivere articoli","Come scrivere articoli","Come scrivere articoli","media","test-1234-123","Davide","Kids","Montessori, Outdoor","22212222121","qwqwwqww","best","2024-04-03","undefined","undefined","undefined","undefined"
"Come scrivere articoli","Scrivi un articolo molto breve su come scrivere articoli","Come scrivere articoli","Come scrivere articoli","media","test-1234-123","Davide","Kids","Montessori, Outdoor","22212222121","qwqwwqww","best","2024-04-03","undefined","undefined","undefined","undefined"
"undefined","Titolo dell'Articolo: Outdoor Adventures: Best Games for Preschoolers
A guide to the best outdoor games for preschoolers, focusing on activities that promote physical development and social skills. The article will highlight games that are easy to set up and provide hours of fun.","undefined","undefined","undefined","undefined","undefined","undefined","undefined","undefined","undefined","undefined","undefined","<h2>The Joy and Benefits of Outdoor Play for Preschoolers</h2>

<p>The sound of giggles and little feet running through the grass is one of the joys of preschoolers playing outdoors. I'll never forget the first time my daughter played a game of outdoor ""Simon Says"" with her preschool class. The smiles on their faces as they hopped like bunnies and reached up high like trees showed just how much fun outdoor play can be.</p> 

<p>Outdoor play provides immense benefits for preschoolers' development. Research shows it builds strength, coordination and balance through using large muscles, and also encourages creativity, social skills and problem solving <a href=""https://www.naeyc.org/resources/pubs/yc/may2019/outdoor-play-is-essential"">(NAEYC)</a>. With some simple games and activities, we can give preschoolers these important developmental benefits while letting them have a blast.</p>

<h2> Tag </h2>

<p>Tag is a classic playground game that helps develop motor skills, coordination, and speed. Some simple tag variations to try with preschoolers include:</p>

<ul>
<li>Freeze Tag - When a player is tagged, they must freeze in place. They can rejoin the game if another player tags them.</li>
<li>TV Tag - Players must run in slow motion like on TV until they are tagged at normal speed.</li>  
<li>Shadow Tag - Players try to step on each other's shadows instead of physically tagging.</li>
<li>Chain Tag - When tagged, players link hands and work together to tag others.</li>
</ul>

<p>Setting boundaries and taking breaks helps keep tag fun and safe for little ones. Encourage everyone to be gentle, watch where they are running, and tag softly. With some creativity, tag can be tailored to preschoolers' abilities and provide hours of laughter and activity.</p>

<h2>Obstacle Courses</h2>

<p>Obstacle courses are a great way to get preschoolers active and engaged in physical play. With a little creativity, you can set up obstacle courses in your own backyard using items you already have at home.</p>

<p>Try using pool noodles, hula hoops, buckets, cardboard boxes and other household items to create a fun course. Have kids crawl through tunnels made from large cardboard boxes, jump over pool noodles placed on the ground, toss bean bags into buckets or hula hoops, and weave through a simple maze created by placing obstacles in a path.</p>

<p>You can make the course more challenging for older preschoolers by having them walk backwards or sideways through parts of it. Just be sure to set up the course so it is not too difficult for their age and abilities. Start simple and then modify as needed.</p>

<p>The great thing about backyard obstacle courses is that you can change them up and create new challenges. Let kids help design courses and set things up - it's a great way to promote problem solving skills too. Obstacle courses also help with coordination, balance and motor skills.</p>

<p>For inspiration, see: <a href=""https://handsonaswegrow.com/obstacle-course-kids-fort-magic/"">https://handsonaswegrow.com/obstacle-course-kids-fort-magic/</a></p>

<h2>Nature Scavenger Hunts</h2>

<p>Nature scavenger hunts are a fun way to get preschoolers engaged with the outdoors. They encourage children to explore natural environments and make exciting discoveries. There are many creative ways to set up a scavenger hunt for young kids.</p>

<p>A simple nature scavenger hunt provides a list of common natural items for kids to search for, like flowers, pinecones, feathers, acorns, and rocks. Let them check off each object as they go. Printable scavenger hunt worksheets like this <a href=""https://www.greenchildmagazine.com/nature-scavenger-hunt/"">nature hunt</a> make it easy to get started.</p>

<p>For more of a challenge, create clues leading kids to specific spots where you've hidden objects or treats. Rhyming clues add an extra element of fun. Just be sure clues are easy enough for preschoolers to decipher.</p> 

<p>Turn it into a photo scavenger hunt by having kids take pictures of items on their list, rather than collecting them. This prevents disruption to the environment.</p>

<p>Focus the hunt around a theme, like shapes, colors, textures, or types of plants/animals. Help preschoolers learn while they explore nature.</p>

<p>Let kids create their own scavenger hunt lists, allowing them to guide the activity based on their own interests. Provide bingo boards or scavenger hunt templates they can fill in.</p>

<p>No matter the format, a nature scavenger hunt gets preschoolers moving, using their senses, and bonding with the natural world.</p>

<h2>Hopscotch</h2>

<p>Hopscotch is a classic playground game that helps develop balance and coordination in preschoolers. To set up a hopscotch course, use sidewalk chalk to draw a pattern of squares on the ground numbered 1 through 10. The players take turns tossing a small object such as a beanbag onto the squares and hopping through the course to retrieve it. </p>

<p>There are endless creative ways to play hopscotch. Try making shapes like circles, triangles or even letters instead of squares. Or make two side-by-side courses for a race. Let kids decorate the squares with their own chalk drawings. For a bigger sensory experience, fill the squares with materials like grass, sand or water. Use tape or jump ropes to create the grid on grass or dirt. With a little creativity, you can design unique hopscotch courses to match any theme or keep your preschooler engaged. <a href=""https://empoweredparents.co/hopscotch-game/"">[1]</a></p>

<p>Hopscotch helps develop bilateral coordination as preschoolers hop on one foot then two feet. The stops and starts also build motor control. Having to balance while tossing and retrieving a beanbag promotes body awareness. And by taking turns, they learn patience and sportsmanship. Hopscotch is an easy outdoor game with developmental benefits for preschoolers. <a href=""https://allaboutchildren.co.uk/leos-day-nursery-arnold/news/hopscotch-game-for-pre-schoolers/"">[2]</a></p>

<h2>Sidewalk Chalk Games</h2>

<p>Sidewalk chalk is an inexpensive way to provide hours of creative fun for preschoolers. Here are some of the best sidewalk chalk games and activities:</p>

<p>Hopscotch - Draw a hopscotch board on the sidewalk with numbers or shapes. Have kids toss a rock and hop through the squares. Great for motor skills!</p>

<p>Obstacle Course - Draw zigzags, circles, lines and shapes to create an obstacle course. Have kids step over, jump on, and balance on the chalk shapes.</p> 

<p>Shapes and Colors - Draw colorful shapes and have kids call out the shapes or colors as they hop from one to another. Reinforces color and shape recognition.</p>

<p>Mazes - Create simple mazes with chalk and have kids go through them. Start simple and make them more complex for older preschoolers.</p>

<p>Twister - Draw a twister board and call out hands and feet placements. Kids will stretch and strengthen muscles as they move.</p>

<p>Chalk Races - Draw lines or loops and have relay races, encouraging teamwork and friendly competition.</p>

<p>Games like these encourage physical activity, motor skills, balance, color and shape recognition, following directions, and having fun outdoors! Just add some sidewalk chalk and let imaginations run wild.</p>

<h2>Bubbles</h2>

<p>Bubbles are a classic outdoor activity that delight preschoolers. The sights and sounds of bubbles floating through the air and popping against little hands never seems to get old. Here are some bubble-based games to try:</p>

<p>Blowing bubbles - Gather bubble wands and solution and have the kids practice blowing bubbles. See who can blow the biggest bubbles. For more of a challenge, try blowing bubbles with a loop of yarn instead of a traditional wand.</p>

<p>Bubble Freeze Dance - Play music and have the kids dance around popping bubbles. When the music stops, they must ""freeze"" and hold completely still. Great for listening skills!</p>  

<p>Bubble Catch - See ho... 

 _Output trimmed for rendering. Click View Full for full output._","Discover the top outdoor games for preschoolers that boost physical growth and social skills. Easy setup for endless fun!","undefined","undefined"
"undefined","Titolo dell'Articolo: 10 Best Montessori Toys for Toddlers in 2024
This article lists the top 10 Montessori toys for toddlers in 2024, emphasizing toys that encourage independence, practical life skills, and sensorial experiences. Each toy's educational benefits and age appropriateness are thoroughly reviewed.","undefined","undefined","undefined","undefined","undefined","undefined","undefined","undefined","undefined","undefined","undefined","<h2>Introduction</h2>

<p>The Montessori method of education was developed by Dr. Maria Montessori in the early 1900s. Montessori's educational philosophy emphasizes supporting a child's natural development through purposeful activities that engage the child's interests and allow for exploration at their own pace. Montessori classrooms are carefully prepared environments with hands-on materials that encourage independence, focus, coordination and problem-solving skills.</p>

<p>Montessori toys and materials apply these same principles for learning through play at home. High quality Montessori toys are designed to spark curiosity, develop fine motor skills, enhance sensory awareness and introduce early math and literacy concepts. Rather than flashy electronic gadgets, Montessori toys tend to be simple, open-ended and made from natural materials. Toddlers can use Montessori toys to actively engage with their environment and gain the satisfaction of completing tasks independently.</p>

<p>In this article, we'll highlight 10 of the best Montessori toys that align with Montessori philosophy and support a toddler's development. We'll review each toy's key features, benefits and recommended ages.</p>

<h2>1. Wooden Rainbow Stacker</h2>

<p>A wooden rainbow stacker is a classic Montessori toy that helps develop hand-eye coordination and color recognition in toddlers. This toy features a wooden rod with colorful rings that stack on top. Starting with the largest ring, toddlers grasp and stack each ring by its color. This activity strengthens fine motor skills and the ability to differentiate between colors and sizes.</p>

<p>According to research by the National Association for the Education of Young Children, manipulative toys like stackers encourage the development of fine motor skills and hand-eye coordination as toddlers grasp, lift, and place the rings <a href=""https://www.naeyc.org/resources/pubs/yc/mar2015/ten-things-children-learn-block-play"">(NAEYC)</a>. As toddlers stack the rings in order, they also learn to recognize and identify colors, gaining knowledge of color names and sequences.</p>

<p>Wooden rainbow stackers are ideal for toddlers ages 12-36 months. As an open-ended toy, stackers allow toddlers to explore colors, patterns, and problem solving at their own pace. This self-directed play encourages curiosity, confidence, and concentration.</p>

<h2>2. Montessori Sandpaper Letters</h2>

<p>Montessori sandpaper letters are a classic Montessori material that help toddlers recognize and trace the alphabet through touch. The letters are printed in cursive or manuscript font on pieces of sandpaper that the child can feel and trace with their fingers. This multisensory experience engages sight, sound, and touch to teach letter recognition in a concrete way.</p>

<p>Tracing the sandpaper letters helps toddlers understand the shape and directionality of writing letters, building fine motor skills and preparing them for eventually writing the letters themselves. As they trace, the adult names the letter and describes the sound it makes, reinforcing phonemic awareness.</p> 

<p>According to The Sandpaper Letters guide the hand for writing as the child traces the letter shapes in the style and direction that they are written (<a href=""https://www.nienhuis.com/us/en/sandpaper-letters-international-print-nienhuis-montessori-usa/product/4492/"">source</a>). Montessori sandpaper letters allow the child to understand writing before they can hold a pencil, engaging multiple senses like tactile, auditory, and sight (<a href=""https://www.amazon.com/Montessori-Lower-Capital-Sandpaper-Letters/dp/B00696PZF4"">source</a>).</p>

<h2>3. Sorting Board with Containers</h2>

<p>A Montessori sorting board is a fantastic toy for toddlers to practice categorization and organization. The boards come with various small objects like beads, pegs, shapes, etc. that toddlers can sort into matching containers. Sorting helps develop cognitive skills, hand-eye coordination, and color/shape recognition. </p>

<p>An example is the Montessori Sorting Board and Jars Set which includes a wooden sorting tray and 6 small containers for sorting. It comes with 48 colorful beads in 6 different shapes for toddlers to sort and match. The containers help toddlers visually categorize the objects. This set is recommended for ages 18 months and up.</p>

<p>Sorting toys like this teach toddlers how to classify objects based on traits like color, shape, and size. Having containers with specific shapes helps toddlers learn to match the objects properly. They also develop focus and concentration as they carefully examine each item and decide where it belongs. The hands-on learning makes categorization fun and interactive.</p>

<p>According to The Wooden Wagon, sorting toys are some of the best Montessori toys for developing cognitive abilities and dexterity in toddlers. Sorting boards allow open-ended play for toddlers to use their own reasoning and repetition to master the categorization skills.</p>

<h2>4. Shape Sorting Puzzle</h2>

<p>A shape sorting puzzle is a classic Montessori toy that helps develop shape recognition and spatial awareness in toddlers. The toddler takes different colored and shaped blocks and tries to fit them into the correctly shaped cutouts on the puzzle board.</p>

<p>As they manipulate the blocks, toddlers strengthen fine motor skills and hand-eye coordination. Having to rotate and turn the blocks to fit them into the cutout spaces improves spatial reasoning. The colors and shapes introduce new vocabulary words as well. Sorting the blocks also teaches categorization and organization.</p>

<p>Look for a wooden shape sorter with chunky, easy-to-grasp blocks. Make sure the puzzle includes basic shapes like circles, squares, triangles, stars, and rectangles. Puzzles with knobs add an extra element of difficulty for more advanced toddlers. Check that puzzle pieces fit snugly into the cutouts without being too loose or too tight.</p>

<p>For kids 18 months and up, the <a href=""https://www.amazon.com/montessori-sorting/s?k=montessori+sorting"">Melissa & Doug Shape Sorting Cube</a> is a top choice. The knobbed blocks offer an extra challenge while building fine motor skills. It's sized just right for little hands and can be used on the floor or tabletop.</p>

<h2>5. Lacing Beads</h2>

<p>Lacing beads are a classic Montessori toy that help develop fine motor skills in toddlers. Threading the beads onto a lace improves hand-eye coordination, dexterity, and concentration. The bright colors and variety of bead shapes make this activity engaging for young children.</p>

<p>According to Montessori Services, wooden lacing beads with large holes are ideal for toddlers learning how to lace: ""Easy-to-manipulate wooden lacing beads develop fine motor control and hand-eye coordination. With practice, the child's movements become refined."" <a href=""https://www.montessoriservices.com/wooden-beads-laces"">[1]</a></p> 

<p>Popular lacing bead options include animals, fruits, vegetables, letters, and numbers. Having an assortment allows toddlers to sort and classify the beads by category. Completing a full necklace or bracelet gives a great sense of accomplishment.</p>

<h2>6. Peg Board</h2>

<p>The Montessori peg board is an excellent toy for developing hand-eye coordination and concentration in toddlers. It consists of a wooden board with holes and brightly colored pegs that fit into the holes. Toddlers learn how to carefully insert and remove the pegs, which strengthens their finger muscles and dexterity. According to Montessoriandme.us, ""Kickstart your child's early math development with the Montessori & Me Counting Peg Board! This unique learning material introduces one-to-one correspondence.""</p>

<p>As toddlers manipulate the pegs, they are focused intently on the task at hand. This teaches them concentration and self-discipline. Peg boards also allow for open-ended play and creativity. Toddler... 

 _Output trimmed for rendering. Click View Full for full output._","Discover the top 10 Montessori toys for toddlers in 2024 that boost independence, life skills, and sensory learning. Perfect picks for every age!","undefined","undefined"
"undefined","undefined","undefined","undefined","undefined","undefined","undefined","undefined","undefined","undefined","undefined","undefined","undefined","undefined","","undefined","undefined"